symboling,normalized-losses,make,num-of-doors,body-style,drive-wheels,engine-location,wheel-base,curb-weight,engine-type,num-of-cylinders,engine-size,fuel-system,bore,stroke,compression-ratio,horsepower,peak-rpm,price,city-km/L,highway-km/L,length-cm,width-cm,height-cm,bin-horsepower,fuel-type-diesel,fuel-type-gas,aspiration-std,aspiration-turbo
3,122,alfa-romero,two,convertible,rwd,front,88.6,2548,dohc,four,130,mpfi,3.47,2.68,9.0,111,5000.0,13495.0,8.924999999999999,11.475,0.8111484863046613,0.8902777777777777,0.8160535117056856,little,False,True,True,False
3,122,alfa-romero,two,convertible,rwd,front,88.6,2548,dohc,four,130,mpfi,3.47,2.68,9.0,111,5000.0,16500.0,8.924999999999999,11.475,0.8111484863046613,0.8902777777777777,0.8160535117056856,little,False,True,True,False
1,122,alfa-romero,two,hatchback,rwd,front,94.5,2823,ohcv,six,152,mpfi,2.68,3.47,9.0,154,5000.0,16500.0,8.075,11.049999999999999,0.8226814031715521,0.9097222222222223,0.8762541806020068,medium,False,True,True,False
2,164,audi,four,sedan,fwd,front,99.8,2337,ohc,four,109,mpfi,3.19,3.4,10.0,102,5500.0,13950.0,10.2,12.75,0.8486304661220567,0.9194444444444444,0.9080267558528428,little,False,True,True,False
2,164,audi,four,sedan,4wd,front,99.4,2824,ohc,five,136,mpfi,3.19,3.4,8.0,115,5500.0,17450.0,7.6499999999999995,9.35,0.8486304661220567,0.9222222222222223,0.9080267558528428,little,False,True,True,False
2,122,audi,two,sedan,fwd,front,99.8,2507,ohc,five,136,mpfi,3.19,3.4,8.5,110,5500.0,15250.0,8.075,10.625,0.8519942335415667,0.9208333333333333,0.8879598662207357,little,False,True,True,False
1,158,audi,four,sedan,fwd,front,105.8,2844,ohc,five,136,mpfi,3.19,3.4,8.5,110,5500.0,17710.0,8.075,10.625,0.9259971167707833,0.9916666666666668,0.931438127090301,little,False,True,True,False
1,122,audi,four,wagon,fwd,front,105.8,2954,ohc,five,136,mpfi,3.19,3.4,8.5,110,5500.0,18920.0,8.075,10.625,0.9259971167707833,0.9916666666666668,0.931438127090301,little,False,True,True,False
1,158,audi,four,sedan,fwd,front,105.8,3086,ohc,five,131,mpfi,3.13,3.4,8.3,140,5500.0,23875.0,7.225,8.5,0.9259971167707833,0.9916666666666668,0.9347826086956521,medium,False,True,False,True
2,192,bmw,two,sedan,rwd,front,101.2,2395,ohc,four,108,mpfi,3.5,2.8,8.8,101,5800.0,16430.0,9.775,12.325,0.8495915425276311,0.8999999999999999,0.9080267558528428,little,False,True,True,False
0,192,bmw,four,sedan,rwd,front,101.2,2395,ohc,four,108,mpfi,3.5,2.8,8.8,101,5800.0,16925.0,9.775,12.325,0.8495915425276311,0.8999999999999999,0.9080267558528428,little,False,True,True,False
0,188,bmw,two,sedan,rwd,front,101.2,2710,ohc,six,164,mpfi,3.31,3.19,9.0,121,4250.0,20970.0,8.924999999999999,11.9,0.8495915425276311,0.8999999999999999,0.9080267558528428,medium,False,True,True,False
0,188,bmw,four,sedan,rwd,front,101.2,2765,ohc,six,164,mpfi,3.31,3.19,9.0,121,4250.0,21105.0,8.924999999999999,11.9,0.8495915425276311,0.8999999999999999,0.9080267558528428,medium,False,True,True,False
1,122,bmw,four,sedan,rwd,front,103.5,3055,ohc,six,164,mpfi,3.31,3.19,9.0,121,4250.0,24565.0,8.5,10.625,0.9082172032676599,0.9291666666666668,0.931438127090301,medium,False,True,True,False
0,122,bmw,four,sedan,rwd,front,103.5,3230,ohc,six,209,mpfi,3.62,3.39,8.0,182,5400.0,30760.0,6.8,9.35,0.9082172032676599,0.9291666666666668,0.931438127090301,medium,False,True,True,False
0,122,bmw,two,sedan,rwd,front,103.5,3380,ohc,six,209,mpfi,3.62,3.39,8.0,182,5400.0,41315.0,6.8,9.35,0.9312830370014417,0.9430555555555556,0.8979933110367893,medium,False,True,True,False
0,122,bmw,four,sedan,rwd,front,110.0,3505,ohc,six,209,mpfi,3.62,3.39,8.0,182,5400.0,36880.0,6.375,8.5,0.9466602594906296,0.9847222222222223,0.9414715719063544,medium,False,True,True,False
2,121,chevrolet,two,hatchback,fwd,front,88.4,1488,l,three,61,2bbl,2.91,3.03,9.5,48,5100.0,5151.0,19.974999999999998,22.525,0.6780394041326286,0.8375,0.8896321070234114,little,False,True,True,False
1,98,chevrolet,two,hatchback,fwd,front,94.5,1874,ohc,four,90,2bbl,3.03,3.11,9.6,70,5400.0,6295.0,16.15,18.275,0.7491590581451227,0.8833333333333334,0.8695652173913044,little,False,True,True,False
0,81,chevrolet,four,sedan,fwd,front,94.5,1909,ohc,four,90,2bbl,3.03,3.11,9.6,70,5400.0,6575.0,16.15,18.275,0.7630946660259492,0.8833333333333334,0.8695652173913044,little,False,True,True,False
1,118,dodge,two,hatchback,fwd,front,93.7,1876,ohc,four,90,2bbl,2.97,3.23,9.41,68,5500.0,5572.0,15.725,17.425,0.7558865929841424,0.8861111111111111,0.8494983277591972,little,False,True,True,False
1,118,dodge,two,hatchback,fwd,front,93.7,1876,ohc,four,90,2bbl,2.97,3.23,9.4,68,5500.0,6377.0,13.174999999999999,16.15,0.7558865929841424,0.8861111111111111,0.8494983277591972,little,False,True,True,False
1,118,dodge,two,hatchback,fwd,front,93.7,2128,ohc,four,98,mpfi,3.03,3.39,7.6,102,5500.0,7957.0,10.2,12.75,0.7558865929841424,0.8861111111111111,0.8494983277591972,little,False,True,False,True
1,148,dodge,four,hatchback,fwd,front,93.7,1967,ohc,four,90,2bbl,2.97,3.23,9.4,68,5500.0,6229.0,13.174999999999999,16.15,0.7558865929841424,0.8861111111111111,0.8461538461538461,little,False,True,True,False
1,148,dodge,four,sedan,fwd,front,93.7,1989,ohc,four,90,2bbl,2.97,3.23,9.4,68,5500.0,6692.0,13.174999999999999,16.15,0.7558865929841424,0.8861111111111111,0.8461538461538461,little,False,True,True,False
1,148,dodge,four,sedan,fwd,front,93.7,1989,ohc,four,90,2bbl,2.97,3.23,9.4,68,5500.0,7609.0,13.174999999999999,16.15,0.7558865929841424,0.8861111111111111,0.8461538461538461,little,False,True,True,False
1,148,dodge,four,sedan,fwd,front,93.7,2191,ohc,four,98,mpfi,3.03,3.39,7.6,102,5500.0,8558.0,10.2,12.75,0.7558865929841424,0.8861111111111111,0.8461538461538461,little,False,True,False,True
-1,110,dodge,four,wagon,fwd,front,103.3,2535,ohc,four,122,2bbl,3.34,3.46,8.5,88,5000.0,8921.0,10.2,12.75,0.8390197020663143,0.8972222222222221,1.0,little,False,True,True,False
3,145,dodge,two,hatchback,fwd,front,95.9,2811,ohc,four,156,mfi,3.6,3.9,7.0,145,5000.0,12964.0,8.075,10.2,0.8322921672272946,0.9208333333333333,0.8394648829431439,medium,False,True,False,True
2,137,honda,two,hatchback,fwd,front,86.6,1713,ohc,four,92,1bbl,2.91,3.41,9.6,58,4800.0,6479.0,20.825,22.95,0.6948582412301778,0.8875000000000001,0.8494983277591972,little,False,True,True,False
2,137,honda,two,hatchback,fwd,front,86.6,1819,ohc,four,92,1bbl,2.91,3.41,9.2,76,6000.0,6855.0,13.174999999999999,16.15,0.6948582412301778,0.8875000000000001,0.8494983277591972,little,False,True,True,False
1,101,honda,two,hatchback,fwd,front,93.7,1837,ohc,four,79,1bbl,2.91,3.07,10.1,60,5500.0,5399.0,16.15,17.849999999999998,0.7208073041806824,0.888888888888889,0.8795986622073579,little,False,True,True,False
1,101,honda,two,hatchback,fwd,front,93.7,1940,ohc,four,92,1bbl,2.91,3.41,9.2,76,6000.0,6529.0,12.75,14.45,0.7208073041806824,0.888888888888889,0.8795986622073579,little,False,True,True,False
1,101,honda,two,hatchback,fwd,front,93.7,1956,ohc,four,92,1bbl,2.91,3.41,9.2,76,6000.0,7129.0,12.75,14.45,0.7208073041806824,0.888888888888889,0.8795986622073579,little,False,True,True,False
0,110,honda,four,sedan,fwd,front,96.5,2010,ohc,four,92,1bbl,2.91,3.41,9.2,76,6000.0,7295.0,12.75,14.45,0.7851994233541567,0.888888888888889,0.911371237458194,little,False,True,True,False
0,78,honda,four,wagon,fwd,front,96.5,2024,ohc,four,92,1bbl,2.92,3.41,9.2,76,6000.0,7295.0,12.75,14.45,0.754925516578568,0.8875000000000001,0.9749163879598662,little,False,True,True,False
0,106,honda,two,hatchback,fwd,front,96.5,2236,ohc,four,110,1bbl,3.15,3.58,9.0,86,5800.0,7895.0,11.475,14.025,0.8049014896684287,0.9055555555555556,0.891304347826087,little,False,True,True,False
0,106,honda,two,hatchback,fwd,front,96.5,2289,ohc,four,110,1bbl,3.15,3.58,9.0,86,5800.0,9095.0,11.475,14.025,0.8049014896684287,0.9055555555555556,0.891304347826087,little,False,True,True,False
0,85,honda,four,sedan,fwd,front,96.5,2304,ohc,four,110,1bbl,3.15,3.58,9.0,86,5800.0,8845.0,11.475,14.025,0.8428640076886114,0.9055555555555556,0.9046822742474918,little,False,True,True,False
0,85,honda,four,sedan,fwd,front,96.5,2372,ohc,four,110,1bbl,3.15,3.58,9.0,86,5800.0,10295.0,11.475,14.025,0.8428640076886114,0.8680555555555556,0.9046822742474918,little,False,True,True,False
0,85,honda,four,sedan,fwd,front,96.5,2465,ohc,four,110,mpfi,3.15,3.58,9.0,101,5800.0,12945.0,10.2,11.9,0.8428640076886114,0.9055555555555556,0.9046822742474918,little,False,True,True,False
1,107,honda,two,sedan,fwd,front,96.5,2293,ohc,four,110,2bbl,3.15,3.58,9.1,100,5500.0,10345.0,10.625,13.174999999999999,0.8125901009130226,0.9166666666666667,0.8528428093645485,little,False,True,True,False
0,122,isuzu,four,sedan,rwd,front,94.3,2337,ohc,four,111,2bbl,3.31,3.23,8.5,78,4800.0,6785.0,10.2,12.325,0.8202787121576165,0.8583333333333334,0.8946488294314382,little,False,True,True,False
2,122,isuzu,two,hatchback,rwd,front,96.0,2734,ohc,four,119,spfi,3.43,3.23,9.2,90,5000.0,11048.0,10.2,12.325,0.8294089380105719,0.9055555555555556,0.8595317725752509,little,False,True,True,False
0,145,jaguar,four,sedan,rwd,front,113.0,4066,dohc,six,258,mpfi,3.63,4.17,8.1,176,4750.0,32250.0,6.375,8.075,0.9591542527630947,0.9666666666666667,0.882943143812709,medium,False,True,True,False
0,122,jaguar,four,sedan,rwd,front,113.0,4066,dohc,six,258,mpfi,3.63,4.17,8.1,176,4750.0,35550.0,6.375,8.075,0.9591542527630947,0.9666666666666667,0.882943143812709,medium,False,True,True,False
0,122,jaguar,two,sedan,rwd,front,102.0,3950,ohcv,twelve,326,mpfi,3.54,2.76,11.5,262,5000.0,36000.0,5.5249999999999995,7.225,0.921191734742912,0.9805555555555555,0.7993311036789298,high,False,True,True,False
1,104,mazda,two,hatchback,fwd,front,93.1,1890,ohc,four,91,2bbl,3.03,3.15,9.0,68,5000.0,5195.0,12.75,13.174999999999999,0.7645362806343105,0.8916666666666667,0.9046822742474918,little,False,True,True,False
1,104,mazda,two,hatchback,fwd,front,93.1,1900,ohc,four,91,2bbl,3.03,3.15,9.0,68,5000.0,6095.0,13.174999999999999,16.15,0.7645362806343105,0.8916666666666667,0.9046822742474918,little,False,True,True,False
1,104,mazda,two,hatchback,fwd,front,93.1,1905,ohc,four,91,2bbl,3.03,3.15,9.0,68,5000.0,6795.0,13.174999999999999,16.15,0.7645362806343105,0.8916666666666667,0.9046822742474918,little,False,True,True,False
1,113,mazda,four,sedan,fwd,front,93.1,1945,ohc,four,91,2bbl,3.03,3.15,9.0,68,5000.0,6695.0,13.174999999999999,16.15,0.801537722248919,0.8916666666666667,0.9046822742474918,little,False,True,True,False
1,113,mazda,four,sedan,fwd,front,93.1,1950,ohc,four,91,2bbl,3.08,3.15,9.0,68,5000.0,7395.0,13.174999999999999,16.15,0.801537722248919,0.8916666666666667,0.9046822742474918,little,False,True,True,False
3,150,mazda,two,hatchback,rwd,front,95.3,2380,rotor,two,70,4bbl,3.3297512437810943,3.255422885572139,9.4,101,6000.0,10945.0,7.225,9.775,0.8121095627102355,0.9125000000000001,0.8294314381270904,little,False,True,True,False
3,150,mazda,two,hatchback,rwd,front,95.3,2380,rotor,two,70,4bbl,3.3297512437810943,3.255422885572139,9.4,101,6000.0,11845.0,7.225,9.775,0.8121095627102355,0.9125000000000001,0.8294314381270904,little,False,True,True,False
3,150,mazda,two,hatchback,rwd,front,95.3,2385,rotor,two,70,4bbl,3.3297512437810943,3.255422885572139,9.4,101,6000.0,13645.0,7.225,9.775,0.8121095627102355,0.9125000000000001,0.8294314381270904,little,False,True,True,False
3,150,mazda,two,hatchback,rwd,front,95.3,2500,rotor,two,80,mpfi,3.3297512437810943,3.255422885572139,9.4,135,6000.0,15645.0,6.8,9.775,0.8121095627102355,0.9125000000000001,0.8294314381270904,medium,False,True,True,False
1,129,mazda,two,hatchback,fwd,front,98.8,2385,ohc,four,122,2bbl,3.39,3.39,8.6,84,4800.0,8845.0,11.049999999999999,13.6,0.8543969245555023,0.9236111111111112,0.8979933110367893,little,False,True,True,False
0,115,mazda,four,sedan,fwd,front,98.8,2410,ohc,four,122,2bbl,3.39,3.39,8.6,84,4800.0,8495.0,11.049999999999999,13.6,0.8543969245555023,0.9236111111111112,0.9280936454849499,little,False,True,True,False
1,129,mazda,two,hatchback,fwd,front,98.8,2385,ohc,four,122,2bbl,3.39,3.39,8.6,84,4800.0,10595.0,11.049999999999999,13.6,0.8543969245555023,0.9236111111111112,0.8979933110367893,little,False,True,True,False
0,115,mazda,four,sedan,fwd,front,98.8,2410,ohc,four,122,2bbl,3.39,3.39,8.6,84,4800.0,10245.0,11.049999999999999,13.6,0.8543969245555023,0.9236111111111112,0.9280936454849499,little,False,True,True,False
0,122,mazda,four,sedan,fwd,front,98.8,2443,ohc,four,122,idi,3.39,3.39,22.7,64,4650.0,10795.0,15.299999999999999,17.849999999999998,0.8543969245555023,0.9236111111111112,0.9280936454849499,little,True,False,True,False
0,115,mazda,four,hatchback,fwd,front,98.8,2425,ohc,four,122,2bbl,3.39,3.39,8.6,84,4800.0,11245.0,11.049999999999999,13.6,0.8543969245555023,0.9236111111111112,0.9280936454849499,little,False,True,True,False
0,118,mazda,four,sedan,rwd,front,104.9,2670,ohc,four,140,mpfi,3.76,3.16,8.0,120,5000.0,18280.0,8.075,11.475,0.8409418548774629,0.9180555555555554,0.9096989966555183,medium,False,True,True,False
0,122,mazda,four,sedan,rwd,front,104.9,2700,ohc,four,134,idi,3.43,3.64,22.0,72,4200.0,18344.0,13.174999999999999,16.575,0.8409418548774629,0.9180555555555554,0.9096989966555183,little,True,False,True,False
-1,93,mercedes-benz,four,sedan,rwd,front,110.0,3515,ohc,five,183,idi,3.58,3.64,21.5,123,4350.0,25552.0,9.35,10.625,0.9173474291206152,0.9763888888888889,0.9448160535117056,medium,True,False,False,True
-1,93,mercedes-benz,four,wagon,rwd,front,110.0,3750,ohc,five,183,idi,3.58,3.64,21.5,123,4350.0,28248.0,9.35,10.625,0.9173474291206152,0.9763888888888889,0.9816053511705687,medium,True,False,False,True
0,93,mercedes-benz,two,hardtop,rwd,front,106.7,3495,ohc,five,183,idi,3.58,3.64,21.5,123,4350.0,28176.0,9.35,10.625,0.901009130225853,0.9763888888888889,0.9180602006688964,medium,True,False,False,True
-1,93,mercedes-benz,four,sedan,rwd,front,115.6,3770,ohc,five,183,idi,3.58,3.64,21.5,123,4350.0,31600.0,9.35,10.625,0.9735703988467085,0.9958333333333335,0.9414715719063544,medium,True,False,False,True
-1,122,mercedes-benz,four,sedan,rwd,front,115.6,3740,ohcv,eight,234,mpfi,3.46,3.1,8.3,155,4750.0,34184.0,6.8,7.6499999999999995,0.9735703988467085,0.9958333333333335,0.9448160535117056,medium,False,True,True,False
3,142,mercedes-benz,two,convertible,rwd,front,96.6,3685,ohcv,eight,234,mpfi,3.46,3.1,8.3,155,4750.0,35056.0,6.8,7.6499999999999995,0.8664103796251804,0.9791666666666666,0.8494983277591972,medium,False,True,True,False
0,122,mercedes-benz,four,sedan,rwd,front,120.9,3900,ohcv,eight,308,mpfi,3.8,3.35,8.0,184,4500.0,40960.0,5.95,6.8,1.0,0.9958333333333335,0.9481605351170569,medium,False,True,True,False
1,122,mercedes-benz,two,hardtop,rwd,front,112.0,3715,ohcv,eight,304,mpfi,3.8,3.35,8.0,184,4500.0,45400.0,5.95,6.8,0.9572320999519461,1.0,0.9264214046822743,medium,False,True,True,False
1,122,mercury,two,hatchback,rwd,front,102.7,2910,ohc,four,140,mpfi,3.78,3.12,8.0,175,5000.0,16503.0,8.075,10.2,0.857280153772225,0.9444444444444444,0.9163879598662208,medium,False,True,False,True
2,161,mitsubishi,two,hatchback,fwd,front,93.7,1918,ohc,four,92,2bbl,2.97,3.23,9.4,68,5500.0,5389.0,15.725,17.425,0.7558865929841424,0.8944444444444446,0.8494983277591972,little,False,True,True,False
2,161,mitsubishi,two,hatchback,fwd,front,93.7,1944,ohc,four,92,2bbl,2.97,3.23,9.4,68,5500.0,6189.0,13.174999999999999,16.15,0.7558865929841424,0.8944444444444446,0.8494983277591972,little,False,True,True,False
2,161,mitsubishi,two,hatchback,fwd,front,93.7,2004,ohc,four,92,2bbl,2.97,3.23,9.4,68,5500.0,6669.0,13.174999999999999,16.15,0.7558865929841424,0.8944444444444446,0.8494983277591972,little,False,True,True,False
1,161,mitsubishi,two,hatchback,fwd,front,93.0,2145,ohc,four,98,spdi,3.03,3.39,7.6,102,5500.0,7689.0,10.2,12.75,0.7558865929841424,0.8861111111111111,0.8494983277591972,little,False,True,False,True
3,153,mitsubishi,two,hatchback,fwd,front,96.3,2370,ohc,four,110,spdi,3.17,3.46,7.5,116,5500.0,9959.0,9.775,12.75,0.8313310908217204,0.9083333333333334,0.8260869565217391,little,False,True,False,True
3,153,mitsubishi,two,hatchback,fwd,front,96.3,2328,ohc,four,122,2bbl,3.35,3.46,8.5,88,5000.0,8499.0,10.625,13.6,0.8313310908217204,0.9083333333333334,0.8260869565217391,little,False,True,True,False
3,122,mitsubishi,two,hatchback,fwd,front,95.9,2833,ohc,four,156,spdi,3.58,3.86,7.0,145,5000.0,12629.0,8.075,10.2,0.8322921672272946,0.9208333333333333,0.8394648829431439,medium,False,True,False,True
3,122,mitsubishi,two,hatchback,fwd,front,95.9,2921,ohc,four,156,spdi,3.59,3.86,7.0,145,5000.0,14869.0,8.075,10.2,0.8322921672272946,0.9208333333333333,0.8394648829431439,medium,False,True,False,True
3,122,mitsubishi,two,hatchback,fwd,front,95.9,2926,ohc,four,156,spdi,3.59,3.86,7.0,145,5000.0,14489.0,8.075,10.2,0.8322921672272946,0.9208333333333333,0.8394648829431439,medium,False,True,False,True
1,125,mitsubishi,four,sedan,fwd,front,96.3,2365,ohc,four,122,2bbl,3.35,3.46,8.5,88,5000.0,6989.0,10.625,13.6,0.8284478616049977,0.9083333333333334,0.862876254180602,little,False,True,True,False
1,125,mitsubishi,four,sedan,fwd,front,96.3,2405,ohc,four,122,2bbl,3.35,3.46,8.5,88,5000.0,8189.0,10.625,13.6,0.8284478616049977,0.9083333333333334,0.862876254180602,little,False,True,True,False
1,125,mitsubishi,four,sedan,fwd,front,96.3,2403,ohc,four,110,spdi,3.17,3.46,7.5,116,5500.0,9279.0,9.775,12.75,0.8284478616049977,0.9083333333333334,0.862876254180602,little,False,True,False,True
-1,137,mitsubishi,four,sedan,fwd,front,96.3,2403,ohc,four,110,spdi,3.17,3.46,7.5,116,5500.0,9279.0,9.775,12.75,0.8284478616049977,0.9083333333333334,0.862876254180602,little,False,True,True,False
1,128,nissan,two,sedan,fwd,front,94.5,1889,ohc,four,97,2bbl,3.15,3.29,9.4,69,5200.0,5499.0,13.174999999999999,15.725,0.7943296492071121,0.8861111111111111,0.911371237458194,little,False,True,True,False
1,128,nissan,two,sedan,fwd,front,94.5,2017,ohc,four,103,idi,2.99,3.47,21.9,55,4800.0,7099.0,19.125,21.25,0.7943296492071121,0.8861111111111111,0.911371237458194,little,True,False,True,False
1,128,nissan,two,sedan,fwd,front,94.5,1918,ohc,four,97,2bbl,3.15,3.29,9.4,69,5200.0,6649.0,13.174999999999999,15.725,0.7943296492071121,0.8861111111111111,0.911371237458194,little,False,True,True,False
1,122,nissan,four,sedan,fwd,front,94.5,1938,ohc,four,97,2bbl,3.15,3.29,9.4,69,5200.0,6849.0,13.174999999999999,15.725,0.7943296492071121,0.8861111111111111,0.911371237458194,little,False,True,True,False
1,103,nissan,four,wagon,fwd,front,94.5,2024,ohc,four,97,2bbl,3.15,3.29,9.4,69,5200.0,7349.0,13.174999999999999,15.725,0.817876021143681,0.8861111111111111,0.8946488294314382,little,False,True,True,False
1,128,nissan,two,sedan,fwd,front,94.5,1951,ohc,four,97,2bbl,3.15,3.29,9.4,69,5200.0,7299.0,13.174999999999999,15.725,0.7943296492071121,0.8861111111111111,0.911371237458194,little,False,True,True,False
1,128,nissan,two,hatchback,fwd,front,94.5,2028,ohc,four,97,2bbl,3.15,3.29,9.4,69,5200.0,7799.0,13.174999999999999,15.725,0.7957712638154734,0.8861111111111111,0.891304347826087,little,False,True,True,False
1,122,nissan,four,sedan,fwd,front,94.5,1971,ohc,four,97,2bbl,3.15,3.29,9.4,69,5200.0,7499.0,13.174999999999999,15.725,0.7943296492071121,0.8861111111111111,0.911371237458194,little,False,True,True,False
1,103,nissan,four,wagon,fwd,front,94.5,2037,ohc,four,97,2bbl,3.15,3.29,9.4,69,5200.0,7999.0,13.174999999999999,15.725,0.817876021143681,0.8861111111111111,0.8946488294314382,little,False,True,True,False
2,168,nissan,two,hardtop,fwd,front,95.1,2008,ohc,four,97,2bbl,3.15,3.29,9.4,69,5200.0,8249.0,13.174999999999999,15.725,0.7803940413262855,0.8861111111111111,0.891304347826087,little,False,True,True,False
0,106,nissan,four,hatchback,fwd,front,97.2,2324,ohc,four,120,2bbl,3.33,3.47,8.5,97,5200.0,8949.0,11.475,14.45,0.8332532436328689,0.9055555555555556,0.9147157190635453,little,False,True,True,False
0,106,nissan,four,sedan,fwd,front,97.2,2302,ohc,four,120,2bbl,3.33,3.47,8.5,97,5200.0,9549.0,11.475,14.45,0.8332532436328689,0.9055555555555556,0.9147157190635453,little,False,True,True,False
0,128,nissan,four,sedan,fwd,front,100.4,3095,ohcv,six,181,mpfi,3.43,3.27,9.0,152,5200.0,13499.0,7.225,9.35,0.8731379144642,0.9236111111111112,0.9214046822742475,medium,False,True,True,False
0,108,nissan,four,wagon,fwd,front,100.4,3296,ohcv,six,181,mpfi,3.43,3.27,9.0,152,5200.0,14399.0,7.225,9.35,0.8870735223450266,0.9236111111111112,0.9381270903010034,medium,False,True,True,False
0,108,nissan,four,sedan,fwd,front,100.4,3060,ohcv,six,181,mpfi,3.43,3.27,9.0,152,5200.0,13499.0,8.075,10.625,0.8870735223450266,0.9236111111111112,0.9214046822742475,medium,False,True,True,False
3,194,nissan,two,hatchback,rwd,front,91.3,3071,ohcv,six,181,mpfi,3.43,3.27,9.0,160,5200.0,17199.0,8.075,10.625,0.8202787121576165,0.9430555555555556,0.831103678929766,medium,False,True,True,False
3,194,nissan,two,hatchback,rwd,front,91.3,3139,ohcv,six,181,mpfi,3.43,3.27,7.8,200,5200.0,19699.0,7.225,9.775,0.8202787121576165,0.9430555555555556,0.831103678929766,high,False,True,False,True
1,231,nissan,two,hatchback,rwd,front,99.2,3139,ohcv,six,181,mpfi,3.43,3.27,9.0,160,5200.0,18399.0,8.075,10.625,0.857760691975012,0.9430555555555556,0.831103678929766,medium,False,True,True,False
0,161,peugot,four,sedan,rwd,front,107.9,3020,l,four,120,mpfi,3.46,3.19,8.4,97,5000.0,11900.0,8.075,10.2,0.897164824603556,0.9500000000000002,0.9481605351170569,little,False,True,True,False
0,161,peugot,four,sedan,rwd,front,107.9,3197,l,four,152,idi,3.7,3.52,21.0,95,4150.0,13200.0,11.9,14.025,0.897164824603556,0.9500000000000002,0.9481605351170569,little,True,False,False,True
0,122,peugot,four,wagon,rwd,front,114.2,3230,l,four,120,mpfi,3.46,3.19,8.4,97,5000.0,12440.0,8.075,10.2,0.9557904853435849,0.9500000000000002,0.9816053511705687,little,False,True,True,False
0,122,peugot,four,wagon,rwd,front,114.2,3430,l,four,152,idi,3.7,3.52,21.0,95,4150.0,13860.0,10.625,10.625,0.9557904853435849,0.9500000000000002,0.9816053511705687,little,True,False,False,True
0,161,peugot,four,sedan,rwd,front,107.9,3075,l,four,120,mpfi,3.46,2.19,8.4,95,5000.0,15580.0,8.075,10.2,0.897164824603556,0.9500000000000002,0.9481605351170569,little,False,True,True,False
0,161,peugot,four,sedan,rwd,front,107.9,3252,l,four,152,idi,3.7,3.52,21.0,95,4150.0,16900.0,11.9,14.025,0.897164824603556,0.9500000000000002,0.9481605351170569,little,True,False,False,True
0,122,peugot,four,wagon,rwd,front,114.2,3285,l,four,120,mpfi,3.46,2.19,8.4,95,5000.0,16695.0,8.075,10.2,0.9557904853435849,0.9500000000000002,0.9481605351170569,little,False,True,True,False
0,122,peugot,four,wagon,rwd,front,114.2,3485,l,four,152,idi,3.7,3.52,21.0,95,4150.0,17075.0,10.625,10.625,0.9557904853435849,0.9500000000000002,0.9816053511705687,little,True,False,False,True
0,161,peugot,four,sedan,rwd,front,107.9,3075,l,four,120,mpfi,3.46,3.19,8.4,97,5000.0,16630.0,8.075,10.2,0.897164824603556,0.9500000000000002,0.9481605351170569,little,False,True,True,False
0,161,peugot,four,sedan,rwd,front,107.9,3252,l,four,152,idi,3.7,3.52,21.0,95,4150.0,17950.0,11.9,14.025,0.897164824603556,0.9500000000000002,0.9481605351170569,little,True,False,False,True
0,161,peugot,four,sedan,rwd,front,108.0,3130,l,four,134,mpfi,3.61,3.21,7.0,142,5600.0,18150.0,7.6499999999999995,10.2,0.897164824603556,0.9486111111111112,0.9364548494983278,medium,False,True,False,True
1,119,plymouth,two,hatchback,fwd,front,93.7,1918,ohc,four,90,2bbl,2.97,3.23,9.4,68,5500.0,5572.0,15.725,17.425,0.7558865929841424,0.8861111111111111,0.8494983277591972,little,False,True,True,False
1,119,plymouth,two,hatchback,fwd,front,93.7,2128,ohc,four,98,spdi,3.03,3.39,7.6,102,5500.0,7957.0,10.2,12.75,0.7558865929841424,0.8861111111111111,0.8494983277591972,little,False,True,False,True
1,154,plymouth,four,hatchback,fwd,front,93.7,1967,ohc,four,90,2bbl,2.97,3.23,9.4,68,5500.0,6229.0,13.174999999999999,16.15,0.7558865929841424,0.8861111111111111,0.8461538461538461,little,False,True,True,False
1,154,plymouth,four,sedan,fwd,front,93.7,1989,ohc,four,90,2bbl,2.97,3.23,9.4,68,5500.0,6692.0,13.174999999999999,16.15,0.8039404132628545,0.8861111111111111,0.8494983277591972,little,False,True,True,False
1,154,plymouth,four,sedan,fwd,front,93.7,2191,ohc,four,98,2bbl,2.97,3.23,9.4,68,5500.0,7609.0,13.174999999999999,16.15,0.8039404132628545,0.8861111111111111,0.8494983277591972,little,False,True,True,False
-1,74,plymouth,four,wagon,fwd,front,103.3,2535,ohc,four,122,2bbl,3.35,3.46,8.5,88,5000.0,8921.0,10.2,12.75,0.8390197020663143,0.8972222222222221,1.0,little,False,True,True,False
3,122,plymouth,two,hatchback,rwd,front,95.9,2818,ohc,four,156,spdi,3.59,3.86,7.0,145,5000.0,12764.0,8.075,10.2,0.8322921672272946,0.9208333333333333,0.8394648829431439,medium,False,True,False,True
3,186,porsche,two,hatchback,rwd,front,94.5,2778,ohc,four,151,mpfi,3.94,3.11,9.5,143,5500.0,22018.0,8.075,11.475,0.8116290245074484,0.9486111111111112,0.8394648829431439,medium,False,True,True,False
3,122,porsche,two,hardtop,rwd,rear,89.5,2756,ohcf,six,194,mpfi,3.74,2.9,9.5,207,5900.0,32528.0,7.225,10.625,0.8116290245074484,0.9027777777777778,0.862876254180602,high,False,True,True,False
3,122,porsche,two,hardtop,rwd,rear,89.5,2756,ohcf,six,194,mpfi,3.74,2.9,9.5,207,5900.0,34028.0,7.225,10.625,0.8116290245074484,0.9027777777777778,0.862876254180602,high,False,True,True,False
3,122,porsche,two,convertible,rwd,rear,89.5,2800,ohcf,six,194,mpfi,3.74,2.9,9.5,207,5900.0,37028.0,7.225,10.625,0.8116290245074484,0.9027777777777778,0.862876254180602,high,False,True,True,False
0,122,renault,four,wagon,fwd,front,96.1,2579,ohc,four,132,mpfi,3.46,3.9,8.7,104,5125.369458128079,9295.0,9.775,13.174999999999999,0.8721768380586257,0.9236111111111112,0.9230769230769231,little,False,True,True,False
2,122,renault,two,hatchback,fwd,front,96.1,2460,ohc,four,132,mpfi,3.46,3.9,8.7,104,5125.369458128079,9895.0,9.775,13.174999999999999,0.8495915425276311,0.9249999999999999,0.8444816053511707,little,False,True,True,False
3,150,saab,two,hatchback,fwd,front,99.1,2658,ohc,four,121,mpfi,3.54,3.07,9.31,110,5250.0,11850.0,8.924999999999999,11.9,0.8966842864007689,0.9236111111111112,0.9381270903010034,little,False,True,True,False
2,104,saab,four,sedan,fwd,front,99.1,2695,ohc,four,121,mpfi,3.54,3.07,9.3,110,5250.0,12170.0,8.924999999999999,11.9,0.8966842864007689,0.9236111111111112,0.9381270903010034,little,False,True,True,False
3,150,saab,two,hatchback,fwd,front,99.1,2707,ohc,four,121,mpfi,2.54,2.07,9.3,110,5250.0,15040.0,8.924999999999999,11.9,0.8966842864007689,0.9236111111111112,0.9381270903010034,little,False,True,True,False
2,104,saab,four,sedan,fwd,front,99.1,2758,ohc,four,121,mpfi,3.54,3.07,9.3,110,5250.0,15510.0,8.924999999999999,11.9,0.8966842864007689,0.9236111111111112,0.9381270903010034,little,False,True,True,False
3,150,saab,two,hatchback,fwd,front,99.1,2808,dohc,four,121,mpfi,3.54,3.07,9.0,160,5500.0,18150.0,8.075,11.049999999999999,0.8966842864007689,0.9236111111111112,0.9381270903010034,medium,False,True,False,True
2,104,saab,four,sedan,fwd,front,99.1,2847,dohc,four,121,mpfi,3.54,3.07,9.0,160,5500.0,18620.0,8.075,11.049999999999999,0.8966842864007689,0.9236111111111112,0.9381270903010034,medium,False,True,False,True
2,83,subaru,two,hatchback,fwd,front,93.7,2050,ohcf,four,97,2bbl,3.62,2.36,9.0,69,4900.0,5118.0,13.174999999999999,15.299999999999999,0.7539644401729938,0.8805555555555555,0.8979933110367893,little,False,True,True,False
2,83,subaru,two,hatchback,fwd,front,93.7,2120,ohcf,four,108,2bbl,3.62,2.64,8.7,73,4400.0,7053.0,11.049999999999999,13.174999999999999,0.7587698222008651,0.8833333333333334,0.8979933110367893,little,False,True,True,False
2,83,subaru,two,hatchback,4wd,front,93.3,2240,ohcf,four,108,2bbl,3.62,2.64,8.7,73,4400.0,7603.0,11.049999999999999,13.174999999999999,0.7558865929841424,0.8861111111111111,0.931438127090301,little,False,True,True,False
0,102,subaru,four,sedan,fwd,front,97.2,2145,ohcf,four,108,2bbl,3.62,2.64,9.5,82,4800.0,7126.0,13.6,15.725,0.8265257087938491,0.9083333333333334,0.8779264214046822,little,False,True,True,False
0,102,subaru,four,sedan,fwd,front,97.2,2190,ohcf,four,108,2bbl,3.62,2.64,9.5,82,4400.0,7775.0,11.9,14.025,0.8265257087938491,0.9083333333333334,0.8779264214046822,little,False,True,True,False
0,102,subaru,four,sedan,fwd,front,97.2,2340,ohcf,four,108,mpfi,3.62,2.64,9.0,94,5200.0,9960.0,11.049999999999999,13.6,0.8265257087938491,0.9083333333333334,0.8779264214046822,little,False,True,True,False
0,102,subaru,four,sedan,4wd,front,97.0,2385,ohcf,four,108,2bbl,3.62,2.64,9.0,82,4800.0,9233.0,10.2,10.625,0.8265257087938491,0.9083333333333334,0.9080267558528428,little,False,True,True,False
0,102,subaru,four,sedan,4wd,front,97.0,2510,ohcf,four,108,mpfi,3.62,2.64,7.7,111,4800.0,11259.0,10.2,12.325,0.8265257087938491,0.9083333333333334,0.9080267558528428,little,False,True,False,True
0,89,subaru,four,wagon,fwd,front,97.0,2290,ohcf,four,108,2bbl,3.62,2.64,9.0,82,4800.0,7463.0,11.9,13.6,0.833733781835656,0.9083333333333334,0.8862876254180603,little,False,True,True,False
0,89,subaru,four,wagon,fwd,front,97.0,2455,ohcf,four,108,mpfi,3.62,2.64,9.0,94,5200.0,10198.0,10.625,13.174999999999999,0.833733781835656,0.9083333333333334,0.8862876254180603,little,False,True,True,False
0,85,subaru,four,wagon,4wd,front,96.9,2420,ohcf,four,108,2bbl,3.62,2.64,9.0,82,4800.0,8013.0,9.775,12.325,0.8342143200384432,0.9083333333333334,0.9180602006688964,little,False,True,True,False
0,85,subaru,four,wagon,4wd,front,96.9,2650,ohcf,four,108,mpfi,3.62,2.64,7.7,111,4800.0,11694.0,9.775,9.775,0.8342143200384432,0.9083333333333334,0.9180602006688964,little,False,True,False,True
1,87,toyota,two,hatchback,fwd,front,95.7,1985,ohc,four,92,2bbl,3.05,3.03,9.0,62,4800.0,5348.0,14.875,16.575,0.762614127823162,0.8833333333333334,0.911371237458194,little,False,True,True,False
1,87,toyota,two,hatchback,fwd,front,95.7,2040,ohc,four,92,2bbl,3.05,3.03,9.0,62,4800.0,6338.0,13.174999999999999,16.15,0.762614127823162,0.8833333333333334,0.911371237458194,little,False,True,True,False
1,74,toyota,four,hatchback,fwd,front,95.7,2015,ohc,four,92,2bbl,3.05,3.03,9.0,62,4800.0,6488.0,13.174999999999999,16.15,0.762614127823162,0.8833333333333334,0.911371237458194,little,False,True,True,False
0,77,toyota,four,wagon,fwd,front,95.7,2280,ohc,four,92,2bbl,3.05,3.03,9.0,62,4800.0,6918.0,13.174999999999999,15.725,0.8154733301297453,0.8833333333333334,0.9882943143812709,little,False,True,True,False
0,81,toyota,four,wagon,4wd,front,95.7,2290,ohc,four,92,2bbl,3.05,3.03,9.0,62,4800.0,7898.0,11.475,13.6,0.8154733301297453,0.8833333333333334,0.9882943143812709,little,False,True,True,False
0,91,toyota,four,wagon,4wd,front,95.7,3110,ohc,four,92,2bbl,3.05,3.03,9.0,62,4800.0,8778.0,11.475,13.6,0.8154733301297453,0.8833333333333334,0.9882943143812709,little,False,True,True,False
0,91,toyota,four,sedan,fwd,front,95.7,2081,ohc,four,98,2bbl,3.19,3.03,9.0,70,4800.0,6938.0,12.75,15.725,0.7991350312349833,0.8944444444444446,0.8862876254180603,little,False,True,True,False
0,91,toyota,four,hatchback,fwd,front,95.7,2109,ohc,four,98,2bbl,3.19,3.03,9.0,70,4800.0,7198.0,12.75,15.725,0.7991350312349833,0.8944444444444446,0.882943143812709,little,False,True,True,False
0,91,toyota,four,sedan,fwd,front,95.7,2275,ohc,four,110,idi,3.27,3.35,22.5,56,4500.0,7898.0,14.45,15.299999999999999,0.7991350312349833,0.8944444444444446,0.8862876254180603,little,True,False,True,False
0,91,toyota,four,hatchback,fwd,front,95.7,2275,ohc,four,110,idi,3.27,3.35,22.5,56,4500.0,7788.0,16.15,19.974999999999998,0.7991350312349833,0.8944444444444446,0.882943143812709,little,True,False,True,False
0,91,toyota,four,sedan,fwd,front,95.7,2094,ohc,four,98,2bbl,3.19,3.03,9.0,70,4800.0,7738.0,16.15,19.974999999999998,0.7991350312349833,0.8944444444444446,0.8862876254180603,little,False,True,True,False
0,91,toyota,four,hatchback,fwd,front,95.7,2122,ohc,four,98,2bbl,3.19,3.03,9.0,70,4800.0,8358.0,11.9,14.45,0.7991350312349833,0.8944444444444446,0.882943143812709,little,False,True,True,False
0,91,toyota,four,sedan,fwd,front,95.7,2140,ohc,four,98,2bbl,3.19,3.03,9.0,70,4800.0,9258.0,11.9,14.45,0.7991350312349833,0.8944444444444446,0.882943143812709,little,False,True,True,False
1,168,toyota,two,sedan,rwd,front,94.5,2169,ohc,four,98,2bbl,3.19,3.03,9.0,70,4800.0,8058.0,12.325,14.45,0.8106679481018741,0.888888888888889,0.8795986622073579,little,False,True,True,False
1,168,toyota,two,hatchback,rwd,front,94.5,2204,ohc,four,98,2bbl,3.19,3.03,9.0,70,4800.0,8238.0,12.325,14.45,0.8106679481018741,0.888888888888889,0.8795986622073579,little,False,True,True,False
1,168,toyota,two,sedan,rwd,front,94.5,2265,dohc,four,98,mpfi,3.24,3.08,9.4,112,6600.0,9298.0,11.049999999999999,12.325,0.8106679481018741,0.888888888888889,0.8795986622073579,little,False,True,True,False
1,168,toyota,two,hatchback,rwd,front,94.5,2300,dohc,four,98,mpfi,3.24,3.08,9.4,112,6600.0,9538.0,11.049999999999999,12.325,0.8106679481018741,0.888888888888889,0.8795986622073579,little,False,True,True,False
2,134,toyota,two,hardtop,rwd,front,98.4,2540,ohc,four,146,mpfi,3.62,3.5,9.3,116,4800.0,8449.0,10.2,12.75,0.8467083133109083,0.9111111111111111,0.8695652173913044,little,False,True,True,False
2,134,toyota,two,hardtop,rwd,front,98.4,2536,ohc,four,146,mpfi,3.62,3.5,9.3,116,4800.0,9639.0,10.2,12.75,0.8467083133109083,0.9111111111111111,0.8695652173913044,little,False,True,True,False
2,134,toyota,two,hatchback,rwd,front,98.4,2551,ohc,four,146,mpfi,3.62,3.5,9.3,116,4800.0,9989.0,10.2,12.75,0.8467083133109083,0.9111111111111111,0.8695652173913044,little,False,True,True,False
2,134,toyota,two,hardtop,rwd,front,98.4,2679,ohc,four,146,mpfi,3.62,3.5,9.3,116,4800.0,11199.0,10.2,12.75,0.8467083133109083,0.9111111111111111,0.8695652173913044,little,False,True,True,False
2,134,toyota,two,hatchback,rwd,front,98.4,2714,ohc,four,146,mpfi,3.62,3.5,9.3,116,4800.0,11549.0,10.2,12.75,0.8467083133109083,0.9111111111111111,0.8695652173913044,little,False,True,True,False
2,134,toyota,two,convertible,rwd,front,98.4,2975,ohc,four,146,mpfi,3.62,3.5,9.3,116,4800.0,17669.0,10.2,12.75,0.8467083133109083,0.9111111111111111,0.8862876254180603,little,False,True,True,False
-1,65,toyota,four,sedan,fwd,front,102.4,2326,ohc,four,122,mpfi,3.31,3.54,8.7,92,4200.0,8948.0,12.325,14.45,0.8438250840941856,0.9236111111111112,0.9180602006688964,little,False,True,True,False
-1,65,toyota,four,sedan,fwd,front,102.4,2480,ohc,four,110,idi,3.27,3.35,22.5,73,4500.0,10698.0,12.75,14.025,0.8438250840941856,0.9236111111111112,0.9180602006688964,little,True,False,False,True
-1,65,toyota,four,hatchback,fwd,front,102.4,2414,ohc,four,122,mpfi,3.31,3.54,8.7,92,4200.0,9988.0,11.475,13.6,0.8438250840941856,0.9236111111111112,0.9013377926421405,little,False,True,True,False
-1,65,toyota,four,sedan,fwd,front,102.4,2414,ohc,four,122,mpfi,3.31,3.54,8.7,92,4200.0,10898.0,11.475,13.6,0.8438250840941856,0.9236111111111112,0.9180602006688964,little,False,True,True,False
-1,65,toyota,four,hatchback,fwd,front,102.4,2458,ohc,four,122,mpfi,3.31,3.54,8.7,92,4200.0,11248.0,11.475,13.6,0.8438250840941856,0.9236111111111112,0.9013377926421405,little,False,True,True,False
3,197,toyota,two,hatchback,rwd,front,102.9,2976,dohc,six,171,mpfi,3.27,3.35,9.3,161,5200.0,16558.0,8.5,10.2,0.8817876021143682,0.9402777777777778,0.8695652173913044,medium,False,True,True,False
3,197,toyota,two,hatchback,rwd,front,102.9,3016,dohc,six,171,mpfi,3.27,3.35,9.3,161,5200.0,15998.0,8.075,10.2,0.8817876021143682,0.9402777777777778,0.8695652173913044,medium,False,True,True,False
-1,90,toyota,four,sedan,rwd,front,104.5,3131,dohc,six,171,mpfi,3.27,3.35,9.2,156,5200.0,15690.0,8.5,10.2,0.9024507448342145,0.9236111111111112,0.9046822742474918,medium,False,True,True,False
-1,122,toyota,four,wagon,rwd,front,104.5,3151,dohc,six,161,mpfi,3.27,3.35,9.2,156,5200.0,15750.0,8.075,10.2,0.9024507448342145,0.9236111111111112,0.9046822742474918,medium,False,True,True,False
2,122,volkswagen,two,sedan,fwd,front,97.3,2261,ohc,four,97,idi,3.01,3.4,23.0,52,4800.0,7775.0,15.725,19.55,0.8250840941854878,0.9097222222222223,0.931438127090301,little,True,False,True,False
2,122,volkswagen,two,sedan,fwd,front,97.3,2209,ohc,four,109,mpfi,3.19,3.4,9.0,85,5250.0,7975.0,11.475,14.45,0.8250840941854878,0.9097222222222223,0.931438127090301,little,False,True,True,False
2,94,volkswagen,four,sedan,fwd,front,97.3,2264,ohc,four,97,idi,3.01,3.4,23.0,52,4800.0,7995.0,15.725,19.55,0.8250840941854878,0.9097222222222223,0.931438127090301,little,True,False,True,False
2,94,volkswagen,four,sedan,fwd,front,97.3,2212,ohc,four,109,mpfi,3.19,3.4,9.0,85,5250.0,8195.0,11.475,14.45,0.8250840941854878,0.9097222222222223,0.931438127090301,little,False,True,True,False
2,94,volkswagen,four,sedan,fwd,front,97.3,2275,ohc,four,109,mpfi,3.19,3.4,9.0,85,5250.0,8495.0,11.475,14.45,0.8250840941854878,0.9097222222222223,0.931438127090301,little,False,True,True,False
2,94,volkswagen,four,sedan,fwd,front,97.3,2319,ohc,four,97,idi,3.01,3.4,23.0,68,4500.0,9495.0,15.725,17.849999999999998,0.8250840941854878,0.9097222222222223,0.931438127090301,little,True,False,False,True
2,94,volkswagen,four,sedan,fwd,front,97.3,2300,ohc,four,109,mpfi,3.19,3.4,10.0,100,5500.0,9995.0,11.049999999999999,13.6,0.8250840941854878,0.9097222222222223,0.931438127090301,little,False,True,True,False
3,122,volkswagen,two,convertible,fwd,front,94.5,2254,ohc,four,109,mpfi,3.19,3.4,8.5,90,5500.0,11595.0,10.2,12.325,0.7654973570398848,0.8916666666666667,0.9297658862876256,little,False,True,True,False
3,256,volkswagen,two,hatchback,fwd,front,94.5,2221,ohc,four,109,mpfi,3.19,3.4,8.5,90,5500.0,9980.0,10.2,12.325,0.7962518020182605,0.888888888888889,0.8595317725752509,little,False,True,True,False
0,122,volkswagen,four,sedan,fwd,front,100.4,2661,ohc,five,136,mpfi,3.19,3.4,8.5,110,5500.0,13295.0,8.075,10.2,0.865929841422393,0.9291666666666668,0.9214046822742475,little,False,True,True,False
0,122,volkswagen,four,sedan,fwd,front,100.4,2579,ohc,four,97,idi,3.01,3.4,23.0,68,4500.0,13845.0,14.025,16.15,0.865929841422393,0.9291666666666668,0.9214046822742475,little,True,False,False,True
0,122,volkswagen,four,wagon,fwd,front,100.4,2563,ohc,four,109,mpfi,3.19,3.4,9.0,88,5500.0,12290.0,10.625,13.174999999999999,0.8798654493032197,0.9291666666666668,0.9214046822742475,little,False,True,True,False
-2,103,volvo,four,sedan,rwd,front,104.3,2912,ohc,four,141,mpfi,3.78,3.15,9.5,114,5400.0,12940.0,9.775,11.9,0.9072561268620857,0.9333333333333335,0.9397993311036791,little,False,True,True,False
-1,74,volvo,four,wagon,rwd,front,104.3,3034,ohc,four,141,mpfi,3.78,3.15,9.5,114,5400.0,13415.0,9.775,11.9,0.9072561268620857,0.9333333333333335,0.9615384615384617,little,False,True,True,False
-2,103,volvo,four,sedan,rwd,front,104.3,2935,ohc,four,141,mpfi,3.78,3.15,9.5,114,5400.0,15985.0,10.2,11.9,0.9072561268620857,0.9333333333333335,0.9397993311036791,little,False,True,True,False
-1,74,volvo,four,wagon,rwd,front,104.3,3042,ohc,four,141,mpfi,3.78,3.15,9.5,114,5400.0,16515.0,10.2,11.9,0.9072561268620857,0.9333333333333335,0.9615384615384617,little,False,True,True,False
-2,103,volvo,four,sedan,rwd,front,104.3,3045,ohc,four,130,mpfi,3.62,3.15,7.5,162,5100.0,18420.0,7.225,9.35,0.9072561268620857,0.9333333333333335,0.9397993311036791,medium,False,True,False,True
-1,74,volvo,four,wagon,rwd,front,104.3,3157,ohc,four,130,mpfi,3.62,3.15,7.5,162,5100.0,18950.0,7.225,9.35,0.9072561268620857,0.9333333333333335,0.9615384615384617,medium,False,True,False,True
-1,95,volvo,four,sedan,rwd,front,109.1,2952,ohc,four,141,mpfi,3.78,3.15,9.5,114,5400.0,16845.0,9.775,11.9,0.9072561268620857,0.9569444444444446,0.9280936454849499,little,False,True,True,False
-1,95,volvo,four,sedan,rwd,front,109.1,3049,ohc,four,141,mpfi,3.78,3.15,8.7,160,5300.0,19045.0,8.075,10.625,0.9072561268620857,0.9555555555555555,0.9280936454849499,medium,False,True,False,True
-1,95,volvo,four,sedan,rwd,front,109.1,3012,ohcv,six,173,mpfi,3.58,2.87,8.8,134,5500.0,21485.0,7.6499999999999995,9.775,0.9072561268620857,0.9569444444444446,0.9280936454849499,medium,False,True,True,False
-1,95,volvo,four,sedan,rwd,front,109.1,3217,ohc,six,145,idi,3.01,3.4,23.0,106,4800.0,22470.0,11.049999999999999,11.475,0.9072561268620857,0.9569444444444446,0.9280936454849499,little,True,False,False,True
-1,95,volvo,four,sedan,rwd,front,109.1,3062,ohc,four,141,mpfi,3.78,3.15,9.5,114,5400.0,22625.0,8.075,10.625,0.9072561268620857,0.9569444444444446,0.9280936454849499,little,False,True,False,True
